{
  "elementId": 4132,
  "elementName": "Void Extrusion",
  "elementType": "Extrusion",
  "category": "Unknown",
  "isVoid": true,
  "boundingBox": {
    "min": [
      0.8916666666665533,
      -0.031249999999990542,
      0.08333333333330632
    ],
    "max": [
      0.916666666666676,
      0.010416666666761346,
      8.08333333333327
    ]
  },
  "meshes": [
    {
      "type": "solid",
      "volume": -0.008333333333382579,
      "surfaceArea": 1.0687500000029186,
      "vertices": [
        [
          0.9166666865348816,
          -0.03125,
          8.083333015441895
        ],
        [
          0.8916666507720947,
          -0.03125,
          8.083333015441895
        ],
        [
          0.8916666507720947,
          0.010416666977107525,
          8.083333015441895
        ],
        [
          0.9166666865348816,
          0.010416666977107525,
          8.083333015441895
        ],
        [
          0.8916666507720947,
          -0.03125,
          0.0833333358168602
        ],
        [
          0.9166666865348816,
          -0.03125,
          0.0833333358168602
        ],
        [
          0.9166666865348816,
          0.010416666977107525,
          0.0833333358168602
        ],
        [
          0.8916666507720947,
          0.010416666977107525,
          0.0833333358168602
        ]
      ],
      "triangles": [
        [
          0,
          1,
          2
        ],
        [
          2,
          3,
          0
        ],
        [
          4,
          5,
          6
        ],
        [
          6,
          7,
          4
        ],
        [
          4,
          2,
          1
        ],
        [
          2,
          4,
          7
        ],
        [
          7,
          3,
          2
        ],
        [
          3,
          7,
          6
        ],
        [
          6,
          0,
          3
        ],
        [
          0,
          6,
          5
        ],
        [
          5,
          1,
          0
        ],
        [
          1,
          5,
          4
        ]
      ],
      "vertexCount": 8,
      "triangleCount": 12
    }
  ]
}