{
  "elementId": 3684,
  "elementName": "Void Extrusion",
  "elementType": "Extrusion",
  "category": "Unknown",
  "isVoid": true,
  "boundingBox": {
    "min": [
      0.8916666666665417,
      -0.010416666666578804,
      0.08333333333330632
    ],
    "max": [
      0.9166666666666764,
      0.031250000000013003,
      8.083333333333272
    ]
  },
  "meshes": [
    {
      "type": "solid",
      "volume": -0.008333333333354561,
      "surfaceArea": 1.0687500000005425,
      "vertices": [
        [
          0.9166666865348816,
          0.03125,
          8.083333015441895
        ],
        [
          0.9166666865348816,
          -0.010416666977107525,
          8.083333015441895
        ],
        [
          0.8916666507720947,
          -0.010416666977107525,
          8.083333015441895
        ],
        [
          0.8916666507720947,
          0.03125,
          8.083333015441895
        ],
        [
          0.8916666507720947,
          -0.010416666977107525,
          0.0833333358168602
        ],
        [
          0.9166666865348816,
          -0.010416666977107525,
          0.0833333358168602
        ],
        [
          0.9166666865348816,
          0.03125,
          0.0833333358168602
        ],
        [
          0.8916666507720947,
          0.03125,
          0.0833333358168602
        ]
      ],
      "triangles": [
        [
          0,
          1,
          2
        ],
        [
          2,
          3,
          0
        ],
        [
          4,
          5,
          6
        ],
        [
          6,
          7,
          4
        ],
        [
          4,
          7,
          3
        ],
        [
          3,
          2,
          4
        ],
        [
          5,
          4,
          2
        ],
        [
          2,
          1,
          5
        ],
        [
          6,
          5,
          1
        ],
        [
          1,
          0,
          6
        ],
        [
          7,
          6,
          0
        ],
        [
          0,
          3,
          7
        ]
      ],
      "vertexCount": 8,
      "triangleCount": 12
    }
  ]
}