{
  "elementId": 4126,
  "elementName": "Void Extrusion",
  "elementType": "Extrusion",
  "category": "Unknown",
  "isVoid": true,
  "boundingBox": {
    "min": [
      -0.9166666666666852,
      -0.031249999999994095,
      0.08333333333331253
    ],
    "max": [
      -0.8916666666667721,
      0.010416666666692866,
      8.083333333333277
    ]
  },
  "meshes": [
    {
      "type": "solid",
      "volume": -0.008333333333299726,
      "surfaceArea": 1.0687499999985053,
      "vertices": [
        [
          -0.8916666507720947,
          -0.03125,
          8.083333015441895
        ],
        [
          -0.9166666865348816,
          -0.03125,
          8.083333015441895
        ],
        [
          -0.9166666865348816,
          0.010416666977107525,
          8.083333015441895
        ],
        [
          -0.8916666507720947,
          0.010416666977107525,
          8.083333015441895
        ],
        [
          -0.9166666865348816,
          -0.03125,
          0.0833333358168602
        ],
        [
          -0.8916666507720947,
          -0.03125,
          0.0833333358168602
        ],
        [
          -0.8916666507720947,
          0.010416666977107525,
          0.0833333358168602
        ],
        [
          -0.9166666865348816,
          0.010416666977107525,
          0.0833333358168602
        ]
      ],
      "triangles": [
        [
          0,
          1,
          2
        ],
        [
          2,
          3,
          0
        ],
        [
          4,
          5,
          6
        ],
        [
          6,
          7,
          4
        ],
        [
          0,
          5,
          4
        ],
        [
          4,
          1,
          0
        ],
        [
          2,
          4,
          7
        ],
        [
          4,
          2,
          1
        ],
        [
          2,
          7,
          6
        ],
        [
          6,
          3,
          2
        ],
        [
          0,
          6,
          5
        ],
        [
          6,
          0,
          3
        ]
      ],
      "vertexCount": 8,
      "triangleCount": 12
    }
  ]
}