{
  "elementId": 3453,
  "elementName": "Extrusion",
  "elementType": "Extrusion",
  "category": "Unknown",
  "isVoid": false,
  "boundingBox": {
    "min": [
      -0.9166666666666673,
      -0.03124999999999987,
      0.08333333333330373
    ],
    "max": [
      0.9166666666666673,
      0.03125000000000061,
      8.08333333333326
    ]
  },
  "meshes": [
    {
      "type": "solid",
      "volume": 0.9166666666666619,
      "surfaceArea": 30.562499999999847,
      "vertices": [
        [
          0.9166666865348816,
          -0.03125,
          0.0833333358168602
        ],
        [
          0.9166666865348816,
          -0.03125,
          8.083333015441895
        ],
        [
          -0.9166666865348816,
          -0.03125,
          8.083333015441895
        ],
        [
          -0.9166666865348816,
          -0.03125,
          0.0833333358168602
        ],
        [
          -0.9166666865348816,
          0.03125,
          0.0833333358168602
        ],
        [
          -0.9166666865348816,
          0.03125,
          8.083333015441895
        ],
        [
          0.9166666865348816,
          0.03125,
          8.083333015441895
        ],
        [
          0.9166666865348816,
          0.03125,
          0.0833333358168602
        ]
      ],
      "triangles": [
        [
          0,
          1,
          2
        ],
        [
          2,
          3,
          0
        ],
        [
          4,
          5,
          6
        ],
        [
          6,
          7,
          4
        ],
        [
          2,
          1,
          6
        ],
        [
          6,
          5,
          2
        ],
        [
          3,
          2,
          5
        ],
        [
          5,
          4,
          3
        ],
        [
          0,
          3,
          4
        ],
        [
          4,
          7,
          0
        ],
        [
          1,
          0,
          7
        ],
        [
          7,
          6,
          1
        ]
      ],
      "vertexCount": 8,
      "triangleCount": 12
    }
  ]
}