{
  "elementId": 8543,
  "elementName": "Privada-Fascia",
  "elementType": "FamilyInstance",
  "category": "Specialty Equipment",
  "isVoid": false,
  "boundingBox": {
    "min": [
      8.375000000000004,
      -5.291666666666699,
      -1.290079154614432E-13
    ],
    "max": [
      8.708333333333341,
      -5.125000000000026,
      8.749999999999973
    ]
  },
  "meshes": [
    {
      "type": "solid",
      "volume": 0.22222222222222443,
      "surfaceArea": 6.722222222222286,
      "vertices": [
        [
          8.708333015441895,
          -5.25,
          0.75
        ],
        [
          8.708333015441895,
          -5.25,
          8.75
        ],
        [
          8.375,
          -5.25,
          8.75
        ],
        [
          8.375,
          -5.25,
          0.75
        ],
        [
          8.375,
          -5.166666507720947,
          0.75
        ],
        [
          8.375,
          -5.166666507720947,
          8.75
        ],
        [
          8.708333015441895,
          -5.166666507720947,
          0.75
        ],
        [
          8.708333015441895,
          -5.166666507720947,
          8.75
        ]
      ],
      "triangles": [
        [
          0,
          1,
          2
        ],
        [
          2,
          3,
          0
        ],
        [
          4,
          5,
          6
        ],
        [
          7,
          6,
          5
        ],
        [
          2,
          1,
          7
        ],
        [
          7,
          5,
          2
        ],
        [
          3,
          2,
          5
        ],
        [
          5,
          4,
          3
        ],
        [
          0,
          3,
          4
        ],
        [
          4,
          6,
          0
        ],
        [
          1,
          0,
          6
        ],
        [
          6,
          7,
          1
        ]
      ],
      "vertexCount": 8,
      "triangleCount": 12
    }
  ]
}