{
  "elementId": 3280,
  "elementName": "Detail Filled Region",
  "elementType": "FilledRegion",
  "category": "Detail Items",
  "isVoid": false,
  "boundingBox": {
    "min": [
      -0.5,
      -6.208333333333334,
      1.1773055851438813E-15
    ],
    "max": [
      9.208333333333337,
      0.5000000000000009,
      1.1773055851438813E-15
    ]
  },
  "meshes": [
    {
      "type": "solid",
      "volume": 0.0,
      "surfaceArea": 11.062500000000002,
      "vertices": [
        [
          -0.5,
          -6.208333492279053,
          1.1773055988279738E-15
        ],
        [
          1.3234889800848443E-23,
          -6.208333492279053,
          1.1773055988279738E-15
        ],
        [
          0.0,
          6.617444900424222E-24,
          1.1773055988279738E-15
        ],
        [
          -0.5,
          0.5,
          1.1773055988279738E-15
        ],
        [
          8.708333015441895,
          4.440892098500626E-16,
          1.1773055988279738E-15
        ],
        [
          8.708333015441895,
          -6.208333492279053,
          1.1773055988279738E-15
        ],
        [
          9.208333015441895,
          -6.208333492279053,
          1.1773055988279738E-15
        ],
        [
          9.208333015441895,
          0.5,
          1.1773055988279738E-15
        ]
      ],
      "triangles": [
        [
          0,
          1,
          2
        ],
        [
          3,
          2,
          4
        ],
        [
          2,
          3,
          0
        ],
        [
          5,
          6,
          4
        ],
        [
          4,
          7,
          3
        ],
        [
          7,
          4,
          6
        ]
      ],
      "vertexCount": 8,
      "triangleCount": 6
    }
  ]
}