{
  "elementId": 31154,
  "elementName": "2\" Wide",
  "elementType": "FamilyInstance",
  "category": "Specialty Equipment",
  "isVoid": false,
  "boundingBox": {
    "min": [
      1.6120618431792152E-14,
      -5.291666666666669,
      8.843749999999968
    ],
    "max": [
      8.708333333333348,
      -5.125000000000002,
      8.927083333333302
    ]
  },
  "meshes": [
    {
      "type": "solid",
      "volume": 0.12094907407407421,
      "surfaceArea": 4.381944444444444,
      "vertices": [
        [
          8.708333015441895,
          -5.291666507720947,
          8.927083015441895
        ],
        [
          8.708333015441895,
          -5.291666507720947,
          8.84375
        ],
        [
          8.708333015441895,
          -5.125,
          8.84375
        ],
        [
          8.708333015441895,
          -5.125,
          8.927083015441895
        ],
        [
          1.6120619243794806E-14,
          -5.125,
          8.927083015441895
        ],
        [
          1.6120619243794806E-14,
          -5.125,
          8.84375
        ],
        [
          1.6120619243794806E-14,
          -5.291666507720947,
          8.84375
        ],
        [
          1.6120619243794806E-14,
          -5.291666507720947,
          8.927083015441895
        ]
      ],
      "triangles": [
        [
          0,
          1,
          2
        ],
        [
          2,
          3,
          0
        ],
        [
          4,
          5,
          6
        ],
        [
          6,
          7,
          4
        ],
        [
          2,
          1,
          5
        ],
        [
          6,
          5,
          1
        ],
        [
          3,
          2,
          5
        ],
        [
          5,
          4,
          3
        ],
        [
          0,
          3,
          7
        ],
        [
          4,
          7,
          3
        ],
        [
          1,
          0,
          7
        ],
        [
          7,
          6,
          1
        ]
      ],
      "vertexCount": 8,
      "triangleCount": 12
    }
  ]
}