{
  "elementId": 6900,
  "elementName": "Void Extrusion",
  "elementType": "Extrusion",
  "category": "Unknown",
  "isVoid": true,
  "boundingBox": {
    "min": [
      -0.916666666666772,
      -0.031249999999996877,
      0.08333333333330772
    ],
    "max": [
      -0.8798828125002218,
      0.031250000000003025,
      0.35916666666665864
    ]
  },
  "meshes": [
    {
      "type": "solid",
      "volume": -0.0006341383192254614,
      "surfaceArea": 0.059369574652702366,
      "vertices": [
        [
          -0.9166666865348816,
          -0.03125,
          0.0833333358168602
        ],
        [
          -0.9166666865348816,
          -0.03125,
          0.3591666519641876
        ],
        [
          -0.8798828125,
          -0.03125,
          0.3591666519641876
        ],
        [
          -0.8798828125,
          -0.03125,
          0.0833333358168602
        ],
        [
          -0.8798828125,
          0.03125,
          0.3591666519641876
        ],
        [
          -0.9166666865348816,
          0.03125,
          0.3591666519641876
        ],
        [
          -0.9166666865348816,
          0.03125,
          0.0833333358168602
        ],
        [
          -0.8798828125,
          0.03125,
          0.0833333358168602
        ]
      ],
      "triangles": [
        [
          0,
          1,
          2
        ],
        [
          2,
          3,
          0
        ],
        [
          4,
          5,
          6
        ],
        [
          6,
          7,
          4
        ],
        [
          4,
          7,
          3
        ],
        [
          3,
          2,
          4
        ],
        [
          5,
          4,
          2
        ],
        [
          2,
          1,
          5
        ],
        [
          6,
          5,
          1
        ],
        [
          1,
          0,
          6
        ],
        [
          7,
          6,
          0
        ],
        [
          0,
          3,
          7
        ]
      ],
      "vertexCount": 8,
      "triangleCount": 12
    }
  ]
}