{
  "elementId": 7150,
  "elementName": "Void Extrusion",
  "elementType": "Extrusion",
  "category": "Unknown",
  "isVoid": true,
  "boundingBox": {
    "min": [
      0.8798828125001744,
      -0.031249999999996877,
      0.08333333333334014
    ],
    "max": [
      0.9166666666667255,
      0.031250000000003025,
      0.35916666666676056
    ]
  },
  "meshes": [
    {
      "type": "solid",
      "volume": -0.0006341383192256364,
      "surfaceArea": 0.05936957465271677,
      "vertices": [
        [
          0.9166666865348816,
          -0.03125,
          0.0833333358168602
        ],
        [
          0.8798828125,
          -0.03125,
          0.0833333358168602
        ],
        [
          0.8798828125,
          -0.03125,
          0.3591666519641876
        ],
        [
          0.9166666865348816,
          -0.03125,
          0.3591666519641876
        ],
        [
          0.8798828125,
          0.03125,
          0.0833333358168602
        ],
        [
          0.9166666865348816,
          0.03125,
          0.0833333358168602
        ],
        [
          0.9166666865348816,
          0.03125,
          0.3591666519641876
        ],
        [
          0.8798828125,
          0.03125,
          0.3591666519641876
        ]
      ],
      "triangles": [
        [
          0,
          1,
          2
        ],
        [
          2,
          3,
          0
        ],
        [
          4,
          5,
          6
        ],
        [
          6,
          7,
          4
        ],
        [
          7,
          2,
          1
        ],
        [
          1,
          4,
          7
        ],
        [
          6,
          3,
          2
        ],
        [
          2,
          7,
          6
        ],
        [
          5,
          0,
          3
        ],
        [
          3,
          6,
          5
        ],
        [
          4,
          1,
          0
        ],
        [
          0,
          5,
          4
        ]
      ],
      "vertexCount": 8,
      "triangleCount": 12
    }
  ]
}