{
  "elementId": 3535,
  "elementName": "Void Extrusion",
  "elementType": "Extrusion",
  "category": "Unknown",
  "isVoid": true,
  "boundingBox": {
    "min": [
      -0.916666666666685,
      -0.010416666666642253,
      0.08333333333331261
    ],
    "max": [
      -0.8916666666667725,
      0.031250000000007674,
      8.083333333333277
    ]
  },
  "meshes": [
    {
      "type": "solid",
      "volume": -0.008333333333292097,
      "surfaceArea": 1.0687499999979002,
      "vertices": [
        [
          -0.8916666507720947,
          -0.010416666977107525,
          8.083333015441895
        ],
        [
          -0.9166666865348816,
          -0.010416666977107525,
          8.083333015441895
        ],
        [
          -0.9166666865348816,
          0.03125,
          8.083333015441895
        ],
        [
          -0.8916666507720947,
          0.03125,
          8.083333015441895
        ],
        [
          -0.9166666865348816,
          0.03125,
          0.0833333358168602
        ],
        [
          -0.9166666865348816,
          -0.010416666977107525,
          0.0833333358168602
        ],
        [
          -0.8916666507720947,
          -0.010416666977107525,
          0.0833333358168602
        ],
        [
          -0.8916666507720947,
          0.03125,
          0.0833333358168602
        ]
      ],
      "triangles": [
        [
          0,
          1,
          2
        ],
        [
          2,
          3,
          0
        ],
        [
          4,
          5,
          6
        ],
        [
          6,
          7,
          4
        ],
        [
          3,
          2,
          4
        ],
        [
          4,
          7,
          3
        ],
        [
          2,
          1,
          5
        ],
        [
          5,
          4,
          2
        ],
        [
          1,
          0,
          6
        ],
        [
          6,
          5,
          1
        ],
        [
          0,
          3,
          7
        ],
        [
          7,
          6,
          0
        ]
      ],
      "vertexCount": 8,
      "triangleCount": 12
    }
  ]
}